epoch,time,train/box_loss,train/cls_loss,train/dfl_loss,metrics/precision(B),metrics/recall(B),metrics/mAP50(B),metrics/mAP50-95(B),val/box_loss,val/cls_loss,val/dfl_loss,lr/pg0,lr/pg1,lr/pg2
1,25.1077,2.65503,3.60335,0.0093,0.58012,0.11686,0.12801,0.05212,2.73621,3.19163,0.00995,9.88235e-05,9.88235e-05,0.0803341
2,42.8545,2.43975,2.44518,0.00729,0.62476,0.24158,0.25318,0.12672,2.35507,2.23984,0.00761,0.000197511,0.000197511,0.0604328
3,60.3936,2.3116,2.13642,0.00654,0.56707,0.37103,0.34657,0.16575,2.30015,2.03732,0.00731,0.000294879,0.000294879,0.0405302
4,77.646,2.25547,1.93262,0.0065,0.57988,0.33993,0.33751,0.17087,2.21881,2.042,0.00685,0.000390927,0.000390927,0.0206262
5,94.9194,2.17573,1.83034,0.00612,0.60482,0.38056,0.40096,0.2171,2.06549,1.595,0.00608,0.000485655,0.000485655,0.000720949
6,112.758,2.22396,1.80012,0.00604,0.61706,0.45042,0.43287,0.23055,2.07987,1.50873,0.00612,0.0004835,0.0004835,0.0004835
7,131.08,2.21494,1.67112,0.00569,0.66236,0.44884,0.47485,0.24538,2.10049,1.49849,0.00637,0.0004802,0.0004802,0.0004802
8,149.063,2.2113,1.64139,0.00563,0.66294,0.45862,0.44978,0.2295,2.08507,1.52796,0.00618,0.0004769,0.0004769,0.0004769
9,166.478,2.1576,1.58048,0.00556,0.65097,0.4554,0.46066,0.25105,2.05179,1.40223,0.00604,0.0004736,0.0004736,0.0004736
10,184.312,2.11973,1.57486,0.00569,0.65924,0.49181,0.49775,0.25608,2.09572,1.39493,0.00615,0.0004703,0.0004703,0.0004703
11,202.132,2.14676,1.51272,0.00549,0.68583,0.50078,0.48995,0.25031,2.04558,1.37441,0.00596,0.000467,0.000467,0.000467
12,219.718,2.1119,1.49286,0.00532,0.64791,0.47915,0.48293,0.23545,2.1295,1.70689,0.0061,0.0004637,0.0004637,0.0004637
13,237.273,2.11813,1.45718,0.00539,0.71539,0.51966,0.53637,0.27117,2.12738,1.30747,0.00645,0.0004604,0.0004604,0.0004604
14,255.475,2.11896,1.45906,0.00542,0.68489,0.53826,0.5386,0.26902,2.10467,1.32419,0.00637,0.0004571,0.0004571,0.0004571
15,273.279,2.08915,1.3898,0.00508,0.7312,0.52629,0.55251,0.2792,2.09109,1.24408,0.00602,0.0004538,0.0004538,0.0004538
16,290.962,2.05321,1.33534,0.00506,0.75784,0.51987,0.56736,0.31604,1.92518,1.21424,0.00536,0.0004505,0.0004505,0.0004505
17,308.638,1.9906,1.33715,0.00509,0.73513,0.54111,0.55792,0.30038,2.02302,1.23,0.00585,0.0004472,0.0004472,0.0004472
18,326.441,2.05997,1.34808,0.00502,0.73852,0.54364,0.57295,0.30317,1.99117,1.21522,0.00569,0.0004439,0.0004439,0.0004439
19,343.869,1.99124,1.30906,0.00509,0.75564,0.55913,0.56499,0.29695,2.00984,1.15459,0.0059,0.0004406,0.0004406,0.0004406
20,361.648,2.02946,1.36312,0.00496,0.7421,0.53907,0.57327,0.29646,2.05822,1.20801,0.00606,0.0004373,0.0004373,0.0004373
21,379.21,1.99156,1.29404,0.00489,0.768,0.55354,0.58957,0.30992,2.03338,1.15333,0.00573,0.000434,0.000434,0.000434
22,396.895,1.93909,1.27811,0.00495,0.79129,0.55703,0.5912,0.31749,1.96147,1.14016,0.00547,0.0004307,0.0004307,0.0004307
23,414.691,1.98131,1.29453,0.00512,0.75289,0.5638,0.59109,0.3204,1.92057,1.16329,0.00525,0.0004274,0.0004274,0.0004274
24,432.626,2.03304,1.27967,0.00488,0.71499,0.57732,0.57932,0.31252,1.91009,1.16445,0.00529,0.0004241,0.0004241,0.0004241
25,450.258,1.99522,1.30306,0.00498,0.74759,0.56523,0.60365,0.30626,2.00392,1.16045,0.00573,0.0004208,0.0004208,0.0004208
26,468.092,1.97661,1.25254,0.00476,0.72396,0.57228,0.63227,0.33835,1.90892,1.10747,0.0052,0.0004175,0.0004175,0.0004175
27,485.966,1.95453,1.24274,0.00457,0.69554,0.57552,0.64015,0.33495,1.98893,1.04707,0.00559,0.0004142,0.0004142,0.0004142
28,503.713,1.98052,1.22904,0.00491,0.70472,0.62002,0.64336,0.35755,1.89305,1.08096,0.00512,0.0004109,0.0004109,0.0004109
29,521.606,1.96711,1.23461,0.00468,0.71064,0.57649,0.62744,0.33866,1.92837,1.08094,0.00537,0.0004076,0.0004076,0.0004076
30,539.484,1.91911,1.18228,0.00472,0.62844,0.62563,0.62876,0.34344,1.91832,1.01318,0.00531,0.0004043,0.0004043,0.0004043
31,557.2,1.94076,1.18018,0.00471,0.64856,0.62256,0.63439,0.34508,1.88491,1.01246,0.00507,0.000401,0.000401,0.000401
32,574.85,1.96824,1.18513,0.00474,0.64845,0.61372,0.63508,0.33642,1.94917,1.05078,0.0052,0.0003977,0.0003977,0.0003977
33,592.548,1.94386,1.15804,0.00472,0.70399,0.62105,0.64881,0.34609,1.85913,1.0352,0.00509,0.0003944,0.0003944,0.0003944
34,610.598,1.91652,1.15477,0.00452,0.70005,0.6246,0.6499,0.33856,1.89912,1.0367,0.00529,0.0003911,0.0003911,0.0003911
35,628.594,1.93132,1.12198,0.00442,0.69361,0.63384,0.67146,0.35574,1.91405,1.00023,0.00519,0.0003878,0.0003878,0.0003878
36,646.274,1.90755,1.15079,0.00465,0.73162,0.61886,0.6649,0.35464,1.85386,1.03563,0.00506,0.0003845,0.0003845,0.0003845
37,663.969,1.92241,1.17104,0.00447,0.65427,0.65036,0.65908,0.36275,1.81702,1.0758,0.00475,0.0003812,0.0003812,0.0003812
38,681.759,1.91982,1.18225,0.00447,0.69308,0.66256,0.66326,0.34975,1.90818,0.99979,0.00531,0.0003779,0.0003779,0.0003779
39,699.741,1.88048,1.15214,0.00436,0.77321,0.61652,0.67408,0.34637,2.02498,1.01544,0.00571,0.0003746,0.0003746,0.0003746
40,717.786,1.89574,1.12571,0.00438,0.741,0.6301,0.67373,0.36664,1.84031,1.01569,0.00487,0.0003713,0.0003713,0.0003713
41,735.555,1.89756,1.11828,0.0045,0.70181,0.64371,0.67108,0.35862,1.87725,0.98302,0.00504,0.000368,0.000368,0.000368
42,753.294,1.9289,1.14897,0.00456,0.65125,0.64573,0.66578,0.36995,1.81982,0.97685,0.00487,0.0003647,0.0003647,0.0003647
43,771.058,1.85961,1.1177,0.00449,0.7022,0.66152,0.6796,0.36843,1.88608,0.97992,0.00497,0.0003614,0.0003614,0.0003614
44,788.699,1.87544,1.09284,0.00416,0.70285,0.66139,0.67454,0.38028,1.76034,0.94017,0.0044,0.0003581,0.0003581,0.0003581
45,806.708,1.86894,1.12866,0.00437,0.70774,0.67785,0.68977,0.39362,1.72856,0.9579,0.00442,0.0003548,0.0003548,0.0003548
46,824.613,1.82152,1.07248,0.00443,0.66713,0.68434,0.71208,0.40914,1.73164,0.94935,0.00448,0.0003515,0.0003515,0.0003515
47,842.69,1.83278,1.07677,0.0042,0.72151,0.67729,0.69899,0.4009,1.75444,0.95029,0.00456,0.0003482,0.0003482,0.0003482
48,860.955,1.84946,1.08156,0.00427,0.7515,0.66363,0.70871,0.41163,1.71979,0.92412,0.00422,0.0003449,0.0003449,0.0003449
49,879.139,1.83543,1.05955,0.00406,0.71507,0.64498,0.68302,0.41085,1.71198,0.93099,0.00422,0.0003416,0.0003416,0.0003416
50,896.93,1.83545,1.05982,0.00408,0.77574,0.67639,0.73855,0.42095,1.69478,0.89339,0.00427,0.0003383,0.0003383,0.0003383
51,915.142,1.83689,1.04383,0.00409,0.71612,0.70469,0.72497,0.41284,1.71294,0.91451,0.00427,0.000335,0.000335,0.000335
52,932.951,1.83203,1.04506,0.00423,0.74395,0.67495,0.71922,0.407,1.75483,0.94503,0.00446,0.0003317,0.0003317,0.0003317
53,951.097,1.85123,1.09748,0.00413,0.71435,0.66611,0.70431,0.4195,1.65942,0.93378,0.00404,0.0003284,0.0003284,0.0003284
54,968.991,1.80322,1.06305,0.00402,0.75841,0.66092,0.72683,0.42132,1.69333,0.89932,0.00411,0.0003251,0.0003251,0.0003251
55,987.171,1.83832,1.05678,0.00393,0.71056,0.70514,0.73337,0.42832,1.66279,0.87724,0.00397,0.0003218,0.0003218,0.0003218
56,1005.45,1.8176,1.02514,0.0039,0.7532,0.68341,0.73039,0.42636,1.66327,0.89812,0.00393,0.0003185,0.0003185,0.0003185
57,1023.32,1.81455,1.03828,0.00397,0.69306,0.68935,0.7148,0.41122,1.70028,0.913,0.00411,0.0003152,0.0003152,0.0003152
58,1041.07,1.81995,1.06783,0.00422,0.72776,0.67204,0.71446,0.42064,1.67915,0.90486,0.00407,0.0003119,0.0003119,0.0003119
59,1059.43,1.82353,1.06871,0.00431,0.71178,0.69507,0.72487,0.40208,1.74639,0.87499,0.00442,0.0003086,0.0003086,0.0003086
60,1077.18,1.80285,1.03232,0.0042,0.74619,0.6892,0.7279,0.41933,1.68928,0.88059,0.0041,0.0003053,0.0003053,0.0003053
61,1094.93,1.78269,1.03764,0.00409,0.7899,0.68794,0.74733,0.43422,1.6511,0.84722,0.00412,0.000302,0.000302,0.000302
62,1112.53,1.79088,0.99857,0.00404,0.79253,0.68638,0.75041,0.44635,1.62448,0.85872,0.00388,0.0002987,0.0002987,0.0002987
63,1130.09,1.75576,0.97036,0.00394,0.79398,0.70303,0.7613,0.44199,1.63252,0.86299,0.00397,0.0002954,0.0002954,0.0002954
64,1147.54,1.78338,0.98077,0.0039,0.77184,0.70671,0.7548,0.45283,1.6204,0.84025,0.00389,0.0002921,0.0002921,0.0002921
65,1165.19,1.79769,1.00176,0.00379,0.7266,0.70371,0.73941,0.44606,1.6151,0.8579,0.00384,0.0002888,0.0002888,0.0002888
66,1182.92,1.74023,0.97342,0.00382,0.71434,0.70551,0.73129,0.44439,1.58648,0.84857,0.00379,0.0002855,0.0002855,0.0002855
67,1200.37,1.71114,0.96409,0.00394,0.73783,0.71773,0.74108,0.44445,1.61698,0.84051,0.00383,0.0002822,0.0002822,0.0002822
68,1218.43,1.82674,1.02969,0.00402,0.72386,0.69668,0.73584,0.44523,1.60952,0.88117,0.00375,0.0002789,0.0002789,0.0002789
69,1236.03,1.74196,0.97516,0.00377,0.72365,0.70449,0.74806,0.46221,1.5897,0.84046,0.00368,0.0002756,0.0002756,0.0002756
70,1254.15,1.74002,0.99319,0.00391,0.70787,0.71732,0.73516,0.43707,1.59258,0.85408,0.00383,0.0002723,0.0002723,0.0002723
71,1271.72,1.7066,0.9705,0.00386,0.73855,0.71395,0.74894,0.44071,1.63953,0.83732,0.00398,0.000269,0.000269,0.000269
72,1289.18,1.72777,0.93907,0.00395,0.7375,0.70483,0.73544,0.45148,1.59672,0.8795,0.00375,0.0002657,0.0002657,0.0002657
73,1306.9,1.73959,0.95735,0.00368,0.77106,0.72174,0.75871,0.46997,1.5853,0.81948,0.00378,0.0002624,0.0002624,0.0002624
74,1324.91,1.77011,0.98674,0.00385,0.7365,0.76211,0.76708,0.45786,1.60965,0.81667,0.00389,0.0002591,0.0002591,0.0002591
75,1342.78,1.73789,0.96018,0.00377,0.73557,0.75709,0.76084,0.45571,1.60144,0.81305,0.0038,0.0002558,0.0002558,0.0002558
76,1360.51,1.69296,0.91852,0.00374,0.7761,0.73734,0.77398,0.46821,1.5833,0.8083,0.00371,0.0002525,0.0002525,0.0002525
77,1378.13,1.73375,0.97238,0.0038,0.74137,0.76526,0.78412,0.47869,1.55714,0.81077,0.00358,0.0002492,0.0002492,0.0002492
78,1395.76,1.70245,0.93573,0.00353,0.79757,0.72569,0.78555,0.48225,1.55343,0.79237,0.00359,0.0002459,0.0002459,0.0002459
79,1413.35,1.65672,0.92554,0.00351,0.74616,0.73967,0.77506,0.47712,1.55807,0.81124,0.00359,0.0002426,0.0002426,0.0002426
80,1430.87,1.67712,0.91732,0.0037,0.76032,0.74788,0.7717,0.47765,1.5448,0.80001,0.00353,0.0002393,0.0002393,0.0002393
81,1448.43,1.74254,0.95008,0.00353,0.79461,0.72933,0.78086,0.48005,1.53347,0.80367,0.00346,0.000236,0.000236,0.000236
82,1466.16,1.71619,0.92647,0.00357,0.81988,0.74121,0.79141,0.47583,1.59131,0.79539,0.00372,0.0002327,0.0002327,0.0002327
83,1483.8,1.69276,0.92823,0.00362,0.78862,0.75252,0.78761,0.47507,1.57393,0.79317,0.00368,0.0002294,0.0002294,0.0002294
84,1501.97,1.70471,0.9318,0.00346,0.79161,0.73828,0.78472,0.48025,1.56099,0.79076,0.00356,0.0002261,0.0002261,0.0002261
85,1519.49,1.65273,0.91549,0.00348,0.78488,0.74704,0.78934,0.48903,1.56949,0.77801,0.00368,0.0002228,0.0002228,0.0002228
86,1536.87,1.68979,0.89067,0.00363,0.82681,0.73859,0.79504,0.49387,1.55775,0.75854,0.00353,0.0002195,0.0002195,0.0002195
87,1554.37,1.7152,0.92819,0.00345,0.81492,0.7593,0.80286,0.49499,1.55631,0.74834,0.00353,0.0002162,0.0002162,0.0002162
88,1572.28,1.6959,0.93334,0.00379,0.74347,0.76583,0.78839,0.49334,1.52446,0.75955,0.00339,0.0002129,0.0002129,0.0002129
89,1590.08,1.65585,0.9249,0.00354,0.77383,0.73196,0.78679,0.49433,1.5213,0.80293,0.00336,0.0002096,0.0002096,0.0002096
90,1608.04,1.645,0.88903,0.00356,0.78666,0.74523,0.79553,0.49744,1.53239,0.77011,0.0035,0.0002063,0.0002063,0.0002063
91,1625.85,1.64741,0.90956,0.0035,0.78007,0.77758,0.81209,0.50759,1.53406,0.77713,0.00345,0.000203,0.000203,0.000203
92,1643.59,1.64891,0.89055,0.00344,0.82094,0.74683,0.81292,0.50786,1.50915,0.75112,0.00346,0.0001997,0.0001997,0.0001997
93,1661.27,1.6589,0.89326,0.00327,0.80514,0.77571,0.82751,0.51505,1.49553,0.74766,0.00329,0.0001964,0.0001964,0.0001964
94,1679.04,1.62647,0.87965,0.00333,0.84134,0.73825,0.81322,0.50725,1.50417,0.75996,0.00342,0.0001931,0.0001931,0.0001931
95,1697,1.60902,0.87298,0.00351,0.79193,0.75701,0.81729,0.50414,1.49596,0.75914,0.00329,0.0001898,0.0001898,0.0001898
96,1715.15,1.63248,0.90128,0.00348,0.83686,0.73487,0.81935,0.51227,1.5041,0.75465,0.00335,0.0001865,0.0001865,0.0001865
97,1732.84,1.64155,0.86906,0.00353,0.7859,0.75423,0.81425,0.5166,1.48261,0.74892,0.00324,0.0001832,0.0001832,0.0001832
98,1750.53,1.65534,0.87856,0.00339,0.79152,0.7683,0.81687,0.519,1.48943,0.74362,0.00324,0.0001799,0.0001799,0.0001799
99,1768.19,1.64742,0.87566,0.00348,0.82069,0.74077,0.81295,0.51248,1.48968,0.73986,0.00329,0.0001766,0.0001766,0.0001766
100,1785.96,1.65889,0.89242,0.00352,0.83313,0.74502,0.81124,0.51165,1.48915,0.73756,0.00327,0.0001733,0.0001733,0.0001733
101,1803.67,1.62926,0.84293,0.00332,0.81315,0.75667,0.81154,0.5148,1.49279,0.74503,0.00331,0.00017,0.00017,0.00017
102,1821.43,1.62798,0.88115,0.00352,0.78485,0.77019,0.81194,0.51677,1.50274,0.74603,0.00341,0.0001667,0.0001667,0.0001667
103,1839.35,1.6142,0.86136,0.00327,0.83305,0.74787,0.8151,0.52036,1.47055,0.73045,0.00318,0.0001634,0.0001634,0.0001634
104,1857.45,1.64612,0.87975,0.00335,0.80428,0.77678,0.81918,0.51394,1.47579,0.74645,0.00328,0.0001601,0.0001601,0.0001601
105,1875.54,1.62432,0.86891,0.00332,0.84851,0.75403,0.83234,0.52825,1.46147,0.73157,0.00313,0.0001568,0.0001568,0.0001568
106,1893.73,1.62083,0.87094,0.00333,0.81787,0.76015,0.83066,0.52922,1.46045,0.75165,0.00316,0.0001535,0.0001535,0.0001535
107,1911.79,1.61213,0.84662,0.00325,0.82664,0.75026,0.82249,0.53197,1.45332,0.73886,0.00315,0.0001502,0.0001502,0.0001502
108,1929.93,1.60223,0.85988,0.00326,0.82705,0.76187,0.82936,0.53676,1.45915,0.73435,0.00314,0.0001469,0.0001469,0.0001469
109,1948.09,1.61673,0.85699,0.00321,0.82654,0.75805,0.8296,0.53312,1.45381,0.73372,0.00307,0.0001436,0.0001436,0.0001436
110,1965.89,1.60724,0.83857,0.00319,0.84339,0.77425,0.8423,0.53651,1.45527,0.71752,0.00315,0.0001403,0.0001403,0.0001403
111,1983.57,1.60812,0.83846,0.00317,0.8113,0.80705,0.84407,0.54924,1.43578,0.71962,0.00307,0.000137,0.000137,0.000137
112,2001.2,1.58821,0.84655,0.00324,0.82931,0.78246,0.84009,0.54434,1.44881,0.7203,0.00313,0.0001337,0.0001337,0.0001337
113,2018.76,1.58228,0.82774,0.00344,0.78933,0.80842,0.8442,0.54177,1.44533,0.716,0.00311,0.0001304,0.0001304,0.0001304
114,2036.32,1.54617,0.82123,0.00308,0.83232,0.75966,0.83526,0.54251,1.43763,0.721,0.00303,0.0001271,0.0001271,0.0001271
115,2054.3,1.54784,0.81997,0.00319,0.84443,0.77044,0.84589,0.54153,1.43969,0.70439,0.00305,0.0001238,0.0001238,0.0001238
116,2072.22,1.54977,0.82207,0.0032,0.82669,0.76522,0.83247,0.53705,1.44614,0.71353,0.00305,0.0001205,0.0001205,0.0001205
117,2090.03,1.55475,0.81053,0.00326,0.82947,0.77797,0.83528,0.54404,1.44753,0.70782,0.00303,0.0001172,0.0001172,0.0001172
118,2107.73,1.58876,0.82857,0.00315,0.82399,0.77671,0.83876,0.54468,1.43574,0.69524,0.00301,0.0001139,0.0001139,0.0001139
119,2125.38,1.5601,0.83373,0.00329,0.84688,0.76684,0.84143,0.54325,1.43039,0.70643,0.00302,0.0001106,0.0001106,0.0001106
120,2142.95,1.54777,0.82328,0.00315,0.81456,0.78922,0.84033,0.55029,1.42471,0.6939,0.00306,0.0001073,0.0001073,0.0001073
121,2160.55,1.52859,0.79615,0.00316,0.82674,0.79274,0.84943,0.5569,1.41407,0.69508,0.00298,0.000104,0.000104,0.000104
122,2178.03,1.55812,0.78983,0.00306,0.81854,0.80405,0.84731,0.55382,1.42205,0.69716,0.00298,0.0001007,0.0001007,0.0001007
123,2195.59,1.59707,0.83143,0.00316,0.84735,0.7913,0.84922,0.55137,1.4234,0.68641,0.003,9.74e-05,9.74e-05,9.74e-05
124,2213.08,1.57313,0.80781,0.0031,0.85097,0.77034,0.85007,0.55766,1.40523,0.69094,0.00293,9.41e-05,9.41e-05,9.41e-05
125,2231.19,1.57988,0.82174,0.00308,0.82467,0.78403,0.84657,0.56036,1.40896,0.70256,0.00293,9.08e-05,9.08e-05,9.08e-05
126,2249.01,1.53995,0.81048,0.00306,0.82934,0.79042,0.84625,0.5587,1.40424,0.69107,0.00295,8.75e-05,8.75e-05,8.75e-05
127,2266.43,1.56339,0.83335,0.00311,0.81925,0.80677,0.84636,0.56007,1.40042,0.68385,0.00292,8.42e-05,8.42e-05,8.42e-05
128,2284.11,1.5499,0.78833,0.00313,0.81317,0.80584,0.85029,0.56286,1.40572,0.68499,0.00295,8.09e-05,8.09e-05,8.09e-05
129,2302.02,1.54809,0.79435,0.00296,0.85026,0.79776,0.85322,0.56249,1.41089,0.68298,0.00299,7.76e-05,7.76e-05,7.76e-05
130,2319.98,1.54323,0.79,0.003,0.85353,0.80068,0.85159,0.56146,1.40101,0.67776,0.00292,7.43e-05,7.43e-05,7.43e-05
131,2337.79,1.57127,0.81085,0.00297,0.83329,0.81273,0.8504,0.56479,1.39586,0.67415,0.00293,7.1e-05,7.1e-05,7.1e-05
132,2355.2,1.5503,0.78951,0.00306,0.85706,0.78039,0.851,0.56781,1.39793,0.66974,0.00289,6.77e-05,6.77e-05,6.77e-05
133,2372.76,1.55655,0.78455,0.00294,0.8235,0.7975,0.85557,0.56979,1.40095,0.67254,0.00291,6.44e-05,6.44e-05,6.44e-05
134,2390.29,1.51684,0.77805,0.00296,0.83383,0.79175,0.85331,0.56984,1.3926,0.67702,0.00289,6.11e-05,6.11e-05,6.11e-05
135,2408.36,1.52135,0.80781,0.00311,0.84727,0.80744,0.86277,0.56838,1.41186,0.67775,0.00301,5.78e-05,5.78e-05,5.78e-05
136,2425.52,1.44992,0.69254,0.00305,0.81529,0.79131,0.84779,0.55604,1.42111,0.70531,0.00298,5.45e-05,5.45e-05,5.45e-05
137,2442.35,1.4156,0.68102,0.00292,0.84745,0.77058,0.84569,0.55748,1.41586,0.69593,0.00298,5.12e-05,5.12e-05,5.12e-05
138,2459.05,1.41667,0.68295,0.00288,0.83563,0.79666,0.85349,0.56113,1.41562,0.6892,0.00301,4.79e-05,4.79e-05,4.79e-05
139,2475.67,1.43081,0.69652,0.00297,0.87114,0.78032,0.85625,0.56314,1.41898,0.69911,0.00297,4.46e-05,4.46e-05,4.46e-05
140,2492.5,1.41771,0.67581,0.003,0.87594,0.76798,0.85718,0.56396,1.4193,0.68985,0.00295,4.13e-05,4.13e-05,4.13e-05
141,2509.18,1.4339,0.68394,0.00295,0.8512,0.80206,0.8603,0.56402,1.42253,0.67544,0.00301,3.8e-05,3.8e-05,3.8e-05
142,2525.68,1.44258,0.68643,0.00286,0.87905,0.77883,0.86404,0.56848,1.41404,0.667,0.00297,3.47e-05,3.47e-05,3.47e-05
143,2542.26,1.4228,0.68221,0.00283,0.87337,0.79216,0.8637,0.56643,1.41149,0.6711,0.00296,3.14e-05,3.14e-05,3.14e-05
144,2558.87,1.42476,0.68399,0.0028,0.859,0.80441,0.86493,0.56811,1.41944,0.67707,0.003,2.81e-05,2.81e-05,2.81e-05
145,2575.43,1.41377,0.67078,0.00277,0.86856,0.79123,0.86249,0.56733,1.4199,0.67924,0.00299,2.48e-05,2.48e-05,2.48e-05
146,2592.15,1.43479,0.6769,0.00284,0.88216,0.77281,0.86111,0.56517,1.40431,0.67516,0.0029,2.15e-05,2.15e-05,2.15e-05
147,2608.87,1.42238,0.67648,0.00287,0.88784,0.76908,0.85878,0.56147,1.40179,0.67048,0.00288,1.82e-05,1.82e-05,1.82e-05
148,2625.51,1.41503,0.67631,0.00285,0.87729,0.77489,0.86033,0.56533,1.40451,0.67002,0.00291,1.49e-05,1.49e-05,1.49e-05
149,2642.21,1.39908,0.66317,0.00275,0.88851,0.77367,0.86119,0.56878,1.40437,0.6685,0.00292,1.16e-05,1.16e-05,1.16e-05
150,2659.07,1.41731,0.66097,0.00281,0.85808,0.79179,0.85995,0.56927,1.4023,0.67156,0.00291,8.3e-06,8.3e-06,8.3e-06
